,nr,q_nr,theory_nr,theory,question,answer,meta_folder,meta_file,meta_depth,meta_id,D_maxD,D_NFact,D_NRule,Q_Dep,Q_Len,Q_strategy,Q_proofs
382884,13473,4,932,"Anne is furry. Anne is not kind. Anne is not nice. Anne is red. Bob is not round. Dave is furry. Dave is not nice. If something is furry and round then it is cold. If something is white and furry then it is cold. If something is cold then it is red. All kind, white things are round. Red things are round. Cold things are not white. If Bob is not nice then Bob is not round. If Dave is nice and Dave is round then Dave is not kind.",Anne is cold.,True,OWA,test,3,AttNeg-OWA-D3-1355,3,7,8,2,4,proof,[(((triple1 ((triple4) -> rule5)) -> rule1))]
386966,17555,4,1212,"Anne is furry. Anne is nice. Anne is rough. Anne is young. Dave is green. Dave is rough. Dave is young. If something is round and rough then it is green. Green things are white. If something is white and green then it is young. White, nice things are furry. If Anne is nice then Anne is furry. Young, rough things are white. All white things are round. Round things are rough.",Anne is round.,True,OWA,test,3,AttNoneg-OWA-D3-1245,3,7,8,2,4,proof,[(((((triple4 triple3) -> rule6)) -> rule7))]
479664,9795,4,464,"Anne is cold. Anne is furry. Anne is red. Dave is young. Gary is nice. Gary is young. Harry is not blue. All nice people are red. All furry people are blue. All furry, red people are quiet. Blue people are cold. Young people are cold. Cold people are furry. If Dave is blue then Dave is red. If Gary is furry then Gary is nice.",Gary is furry.,True,OWA,test,5,AttNeg-OWA-D5-103,5,7,8,2,3,proof,[(((((triple6) -> rule5)) -> rule6))]
454296,54237,4,2579,"Charlie is blue. Charlie is kind. Charlie is rough. Dave is cold. Erin is red. Erin is rough. Gary is furry. Kind people are furry. If Dave is kind then Dave is furry. If someone is furry and red then they are quiet. Cold people are blue. If someone is rough then they are quiet. All blue people are quiet. All cold, quiet people are red. If Dave is red then Dave is kind.",Dave is quiet.,True,OWA,train,5,AttNoneg-OWA-D5-1236,5,7,8,2,3,proof,[(((((triple4) -> rule4)) -> rule6))]
217418,17405,4,1565,The cat eats the tiger. The cat is cold. The cat is young. The cat visits the tiger. The tiger is green. The tiger sees the cat. The tiger visits the cat. If something eats the cat and it eats the tiger then it sees the cat. If the cat eats the tiger then the cat sees the tiger. If something is young then it sees the tiger. If something eats the tiger then the tiger visits the cat. If something is young and it sees the tiger then the tiger is cold. If something eats the cat then it is green. If something is cold then it sees the cat. If something is young then it eats the tiger.,The tiger is cold.,True,OWA,train,2,RelNoneg-OWA-D2-603,2,7,8,2,4,proof,[(((triple3 ((triple1) -> rule2)) -> rule5) OR ((triple3 ((triple3) -> rule3)) -> rule5) OR ((triple3 ((((triple3) -> rule8)) -> rule2)) -> rule5))]
452556,52497,4,2496,"Anne is kind. Anne is nice. Anne is young. Erin is red. Gary is blue. Gary is young. Harry is nice. Kind, big people are young. If someone is young then they are red. If Harry is blue and Harry is kind then Harry is nice. All kind people are young. Rough people are big. If someone is big and rough then they are kind. If someone is nice and kind then they are rough. If someone is nice then they are rough.",Harry is big.,True,OWA,train,5,AttNoneg-OWA-D5-786,5,7,8,2,3,proof,[(((((triple7) -> rule8)) -> rule5))]
257180,57167,4,5158,"Anne is kind. Gary is big. Gary is blue. Gary is cold. Gary is furry. Harry is blue. Harry is kind. Furry people are kind. Cold, blue people are kind. All furry, kind people are nice. Nice people are cold. If Harry is white then Harry is cold. If someone is nice then they are furry. All nice, blue people are white. If Harry is blue and Harry is nice then Harry is kind.",Gary is nice.,True,OWA,train,2,AttNoneg-OWA-D2-1432,3,7,8,2,4,proof,[(((triple5 ((triple5) -> rule1)) -> rule3) OR ((triple5 ((triple4 triple3) -> rule2)) -> rule3))]
338224,38201,4,2653,"Bob is green. Bob is quiet. Bob is white. Fiona is green. Gary is kind. Gary is quiet. Harry is kind. All red people are green. Red people are quiet. All big, rough people are green. Green people are red. If Gary is quiet and Gary is green then Gary is big. If Gary is quiet and Gary is big then Gary is rough. If someone is quiet then they are red. Big, green people are kind.",Fiona is quiet.,True,OWA,train,3,AttNoneg-OWA-D3-675,4,7,8,2,3,proof,[(((((triple4) -> rule4)) -> rule2))]
364810,64787,4,4497,"Charlie is blue. Charlie is not kind. Charlie is smart. Charlie is not young. Erin is round. Erin is young. Harry is kind. If someone is quiet then they are green. All quiet, kind people are green. If someone is blue and not round then they are green. Blue, green people are kind. Smart people are blue. If someone is green then they are blue. If Erin is young then Erin is green. If someone is green and not round then they are not quiet.",Erin is blue.,True,OWA,train,3,AttNeg-OWA-D3-137,3,7,8,2,3,proof,[(((((triple6) -> rule7)) -> rule6))]
203568,3555,4,320,"Bob is green. Bob is red. Erin is smart. Fiona is blue. Fiona is quiet. Fiona is smart. Gary is quiet. If someone is green and not blue then they are smart. Blue, green people are red. If Erin is quiet then Erin is not big. If someone is smart and green then they are quiet. If someone is kind then they are not big. Red, green people are kind. All quiet, green people are not kind. If Bob is not smart then Bob is quiet.",Bob is not big.,True,OWA,train,2,AttNeg-OWA-D2-1975,2,7,8,2,4,proof,[(((((triple2 triple1) -> rule6)) -> rule5))]
277968,7879,4,711,The dog chases the rabbit. The dog is young. The dog sees the rabbit. The rabbit is kind. The rabbit sees the dog. The tiger eats the dog. The tiger is big. If someone chases the rabbit then they are red. If someone sees the rabbit and they are red then they are big. If someone sees the dog and they eat the rabbit then the dog eats the rabbit. If the rabbit eats the tiger then the rabbit is young. If someone sees the tiger and they see the dog then the tiger eats the dog. If someone is red then they eat the tiger. If someone eats the tiger and the tiger chases the rabbit then the rabbit is young. If the rabbit is red and the rabbit eats the tiger then the rabbit is big.,The dog is big.,True,OWA,test,2,RelNoneg-OWA-D2-1898,2,7,8,2,4,proof,[(((triple3 ((triple1) -> rule1)) -> rule2))]
483688,13819,4,654,Anne is round. Bob is round. Fiona is red. Fiona is smart. Fiona is young. Harry is not big. Harry is cold. Young people are round. All quiet people are cold. Big people are not cold. If Harry is smart and Harry is red then Harry is round. Smart people are young. If someone is cold then they are smart. If Bob is young then Bob is not big. All round people are quiet.,Anne is cold.,True,OWA,test,5,AttNeg-OWA-D5-1147,5,7,8,2,3,proof,[(((((triple1) -> rule8)) -> rule2))]
363468,63445,4,4404,"Anne is furry. Anne is quiet. Anne is round. Anne is smart. Gary is quiet. Gary is red. Gary is rough. Quiet people are round. If Gary is rough and Gary is round then Gary is furry. Rough, round people are red. If Gary is nice and Gary is smart then Gary is furry. If Gary is quiet then Gary is red. If Gary is red and Gary is rough then Gary is round. Round people are rough. Furry people are smart.",Gary is furry.,True,OWA,train,3,AttNoneg-OWA-D3-714,3,7,8,2,4,proof,[(((triple7 ((triple5) -> rule1)) -> rule2) OR ((triple7 ((triple6 triple7) -> rule6)) -> rule2) OR ((triple7 ((((triple5) -> rule5) triple7) -> rule6)) -> rule2) OR ((((((triple5) -> rule1)) -> rule7) ((triple5) -> rule1)) -> rule2) OR ((((((triple5) -> rule1)) -> rule7) ((triple6 triple7) -> rule6)) -> rule2) OR ((((((triple5) -> rule1)) -> rule7) ((((triple5) -> rule5) triple7) -> rule6)) -> rule2))]
382572,13161,4,909,"Gary is furry. Gary is quiet. Gary is red. Gary is white. Harry is big. Harry is quiet. Harry is red. All furry, quiet people are young. All quiet people are big. If someone is red then they are big. If someone is furry and quiet then they are nice. If Harry is quiet then Harry is red. Furry, young people are white. Quiet people are furry. All quiet, furry people are young.",Harry is nice.,True,OWA,test,3,AttNoneg-OWA-D3-852,3,7,8,2,4,proof,[(((((triple6) -> rule7) triple6) -> rule4))]
372034,2623,4,180,"Erin is blue. Erin is nice. Erin is quiet. Fiona is green. Fiona is nice. Fiona is quiet. Fiona is white. All smart things are quiet. If something is blue and quiet then it is green. All green things are cold. Cold, blue things are nice. If something is cold then it is smart. All green things are cold. If something is blue and green then it is nice. If Erin is green and Erin is smart then Erin is blue.",Erin is cold.,True,OWA,test,3,AttNoneg-OWA-D3-1033,3,7,8,2,4,proof,[(((((triple1 triple3) -> rule2)) -> rule3) OR ((((triple1 triple3) -> rule2)) -> rule6))]
465002,64943,4,3093,The cat eats the cow. The cat is kind. The cat visits the dog. The cow sees the dog. The dog is red. The dog visits the rabbit. The rabbit sees the cow. If the cat eats the cow then the cow is round. If something visits the cow and it is round then the cow visits the cat. If something eats the rabbit then it sees the cow. If something visits the cat and it visits the dog then it is cold. If something eats the rabbit and it sees the cow then the rabbit is round. If something eats the cow then the cow is kind. If something is round then it eats the rabbit. If something visits the rabbit and it sees the dog then the dog visits the cat.,The cow eats the rabbit.,True,OWA,train,5,RelNoneg-OWA-D5-235,5,7,8,2,3,proof,[(((((triple1) -> rule1)) -> rule7))]
355100,55077,4,3825,Anne is not big. Anne is quiet. Anne is not young. Erin is not big. Erin is green. Harry is furry. Harry is not green. If something is furry then it is quiet. If something is furry then it is quiet. White things are young. If something is white then it is furry. Green things are white. White things are green. If something is white and not big then it is green. If Harry is white then Harry is green.,Erin is young.,True,OWA,train,3,AttNeg-OWA-D3-481,3,7,8,2,3,proof,[(((((triple5) -> rule5)) -> rule3))]
394416,4659,4,322,The bear chases the rabbit. The bear likes the rabbit. The rabbit chases the bear. The rabbit is blue. The rabbit is green. The rabbit likes the bear. The rabbit sees the bear. If something likes the rabbit and it is blue then it likes the bear. If something chases the rabbit and it sees the bear then the bear sees the rabbit. If the bear chases the rabbit and the bear sees the rabbit then the bear likes the rabbit. If something chases the bear then it chases the rabbit. If something chases the bear then it is red. If something sees the bear and it chases the rabbit then the bear likes the rabbit. If something sees the rabbit and it chases the rabbit then it is red. If something chases the bear then the bear is blue.,The bear likes the bear.,True,OWA,dev,3,RelNoneg-OWA-D3-86,3,7,8,2,4,proof,[(((triple2 ((triple3) -> rule8)) -> rule1) OR ((((triple7 ((triple3) -> rule4)) -> rule6) ((triple3) -> rule8)) -> rule1) OR ((((triple1 ((((triple3) -> rule4) triple7) -> rule2)) -> rule3) ((triple3) -> rule8)) -> rule1))]
350566,50543,4,3507,The bear is rough. The bear is round. The cat chases the rabbit. The cat chases the tiger. The rabbit is round. The rabbit needs the tiger. The tiger needs the bear. If the rabbit visits the cat then the rabbit visits the tiger. If something chases the rabbit then the rabbit chases the cat. If something needs the bear and the bear is round then it chases the cat. If the bear visits the cat and the bear needs the cat then the bear needs the tiger. If something chases the rabbit and it chases the tiger then the tiger needs the bear. If something visits the rabbit and the rabbit is rough then the rabbit is green. If something visits the tiger and it needs the tiger then the tiger is round. If something needs the tiger then it visits the cat.,The rabbit visits the tiger.,True,OWA,train,3,RelNoneg-OWA-D3-318,3,7,8,2,3,proof,[(((((triple6) -> rule8)) -> rule1))]
290144,215,4,19,"Charlie is big. Charlie is blue. Charlie is green. Gary is big. Gary is quiet. Gary is smart. Gary is white. All nice people are white. All big, nice people are blue. White, big people are blue. White people are smart. All big, nice people are blue. All blue people are green. Nice people are big. If Gary is quiet then Gary is big.",Gary is green.,True,OWA,dev,2,AttNoneg-OWA-D2-2060,2,7,8,2,4,proof,[(((((triple7 triple4) -> rule3)) -> rule6) OR ((((triple7 ((triple5) -> rule8)) -> rule3)) -> rule6))]
388810,19399,4,1340,The dog is young. The dog likes the squirrel. The lion eats the dog. The lion likes the dog. The squirrel chases the dog. The squirrel eats the lion. The squirrel likes the lion. If something is young and it eats the dog then the dog is rough. If something is cold then it is young. If something likes the squirrel then it eats the dog. If the squirrel eats the lion and the lion is cold then the squirrel eats the dog. Rough things are cold. If something likes the lion then it chases the squirrel. If the squirrel likes the dog then the dog chases the lion. If something likes the lion then it likes the squirrel.,The squirrel eats the dog.,True,OWA,test,3,RelNoneg-OWA-D3-1502,3,7,8,2,3,proof,[(((((triple7) -> rule8)) -> rule3))]
499076,9177,4,435,"Bob is green. Bob is not nice. Dave is furry. Erin is furry. Erin is nice. Fiona is big. Fiona is not furry. Kind things are young. Young, big things are green. If something is young then it is green. If something is big and rough then it is not nice. If something is big then it is nice. If Bob is furry then Bob is young. If something is furry then it is big. If something is nice then it is kind.",Dave is nice.,True,OWA,dev,5,AttNeg-OWA-D5-489,5,7,8,2,3,proof,[(((((triple3) -> rule7)) -> rule5))]
447008,46949,4,2233,"Anne is not furry. Anne is not red. Charlie is smart. Charlie is young. Dave is furry. Dave is young. Gary is cold. All kind, green things are cold. All kind, young things are green. If something is furry and red then it is green. Furry things are green. All young things are kind. If something is cold then it is red. If something is kind then it is young. Red, kind things are furry.",Charlie is green.,True,OWA,train,5,AttNeg-OWA-D5-1186,5,7,8,2,4,proof,[(((((triple4) -> rule5) triple4) -> rule2))]
391810,2053,4,140,"Anne is cold. Anne is round. Anne is not smart. Gary is not big. Gary is blue. Gary is nice. Harry is round. Quiet people are big. If Anne is nice then Anne is not big. If someone is nice and not blue then they are smart. Nice, quiet people are smart. All cold, blue people are smart. If someone is round then they are cold. If someone is big then they are round. If someone is blue and not big then they are round.",Gary is cold.,True,OWA,dev,3,AttNeg-OWA-D3-1121,3,7,8,2,4,proof,[(((((triple5 triple4) -> rule8)) -> rule6))]
432936,32877,4,1569,"Erin is round. Erin is young. Fiona is not cold. Fiona is white. Gary is kind. Gary is rough. Harry is white. If something is round and kind then it is white. All rough, furry things are white. If Gary is cold then Gary is young. If Erin is cold and Erin is furry then Erin is not young. Kind things are furry. Rough, young things are kind. All young, furry things are not round. All white, rough things are cold.",Gary is white.,True,OWA,train,5,AttNeg-OWA-D5-448,5,7,8,2,4,proof,[(((triple6 ((triple5) -> rule5)) -> rule2))]
498784,8885,4,420,"Bob is nice. Bob is round. Bob is young. Dave is round. Erin is big. Erin is red. Gary is young. All round things are nice. All nice, big things are white. If something is big and white then it is round. Young things are nice. Big, red things are young. All nice things are quiet. All quiet things are big. Young, quiet things are red.",Bob is red.,True,OWA,dev,5,AttNoneg-OWA-D5-203,5,7,8,2,4,proof,[(((triple3 ((triple1) -> rule6)) -> rule8) OR ((triple3 ((((triple2) -> rule1)) -> rule6)) -> rule8) OR ((triple3 ((((triple3) -> rule4)) -> rule6)) -> rule8))]
470908,1039,4,47,"Bob is kind. Erin is big. Erin is quiet. Fiona is kind. Fiona is rough. Gary is nice. Gary is smart. If something is quiet and smart then it is furry. Rough, big things are kind. If something is big and kind then it is quiet. If something is quiet and big then it is kind. Rough things are big. Smart things are kind. Nice, furry things are quiet. If something is kind then it is rough.",Fiona is quiet.,True,OWA,test,5,AttNoneg-OWA-D5-984,5,7,8,2,4,proof,[(((((triple5) -> rule5) triple4) -> rule3) OR ((((((triple4) -> rule8)) -> rule5) triple4) -> rule3) OR ((((triple5) -> rule5) ((triple5 ((triple5) -> rule5)) -> rule2)) -> rule3) OR ((((((triple4) -> rule8)) -> rule5) ((triple5 ((triple5) -> rule5)) -> rule2)) -> rule3))]
269346,69333,4,6264,The cow does not visit the tiger. The mouse chases the cow. The mouse is cold. The mouse is nice. The squirrel is big. The squirrel visits the mouse. The tiger visits the squirrel. If something visits the cow then the cow visits the tiger. If something visits the cow and it is big then it is nice. If something chases the tiger and it is not kind then it is not nice. If something visits the mouse then it chases the mouse. If something is big then it visits the tiger. If something visits the tiger then the tiger does not chase the squirrel. If the cow chases the mouse and the mouse visits the tiger then the mouse needs the tiger. If the tiger needs the squirrel and the cow does not visit the tiger then the cow is nice.,The tiger does not chase the squirrel.,True,OWA,train,2,RelNeg-OWA-D2-1018,2,7,8,2,3,proof,[(((((triple5) -> rule5)) -> rule6))]
399940,10183,4,710,The bald eagle is blue. The bear eats the rabbit. The bear is blue. The bear is nice. The mouse does not visit the rabbit. The rabbit chases the mouse. The rabbit is blue. If someone eats the bald eagle then the bald eagle visits the rabbit. If someone is blue and they do not eat the mouse then the mouse visits the bald eagle. If someone chases the mouse and the mouse is kind then the mouse does not visit the bald eagle. If someone eats the rabbit and they chase the mouse then they are not cold. If the mouse does not eat the bear then the mouse chases the bear. If someone is cold then they visit the mouse. If the rabbit is blue then the rabbit eats the bald eagle. If someone visits the rabbit then the rabbit is not cold.,The bald eagle visits the rabbit.,True,OWA,dev,3,RelNeg-OWA-D3-586,3,7,8,2,3,proof,[(((((triple7) -> rule7)) -> rule1))]
493498,3599,4,170,The bald eagle is kind. The bald eagle is not red. The bald eagle likes the dog. The dog needs the lion. The lion does not need the bald eagle. The mouse likes the dog. The mouse does not see the dog. If someone needs the mouse then the mouse does not see the bald eagle. If someone needs the dog then the dog needs the lion. If someone is rough then they see the mouse. If someone sees the mouse then the mouse is kind. If someone needs the lion then they do not see the bald eagle. If someone sees the dog then they need the mouse. All kind people are rough. If someone sees the mouse then they like the lion.,The bald eagle sees the mouse.,True,OWA,dev,5,RelNeg-OWA-D5-940,6,7,8,2,3,proof,[(((((triple1) -> rule7)) -> rule3))]
363294,63271,4,4392,The cat likes the tiger. The cat does not see the tiger. The mouse is not kind. The squirrel likes the mouse. The tiger likes the mouse. The tiger likes the squirrel. The tiger sees the mouse. If someone likes the mouse then the mouse visits the squirrel. If someone visits the squirrel and the squirrel visits the cat then the cat is kind. If the mouse visits the squirrel then the mouse likes the tiger. If the mouse likes the tiger then the mouse is green. If someone visits the mouse then they see the cat. If the mouse is kind then the mouse likes the squirrel. If someone likes the squirrel and they like the mouse then the squirrel sees the cat. If the squirrel sees the cat and the squirrel is kind then the squirrel is not rough.,The mouse likes the tiger.,True,OWA,train,3,RelNeg-OWA-D3-1342,3,7,8,2,3,proof,[(((((triple4) -> rule1)) -> rule3) OR ((((triple5) -> rule1)) -> rule3))]
356734,56711,4,3937,"Anne is red. Charlie is red. Dave is kind. Dave is red. Dave is smart. Fiona is furry. Fiona is red. If Fiona is smart then Fiona is red. If something is smart then it is quiet. Red things are furry. If something is furry then it is quiet. If something is young then it is kind. All kind things are red. If Anne is furry and Anne is young then Anne is nice. All red, quiet things are smart.",Fiona is smart.,True,OWA,train,3,AttNoneg-OWA-D3-1589,3,7,8,2,4,proof,[(((triple7 ((triple6) -> rule4)) -> rule8) OR ((triple7 ((((triple7) -> rule3)) -> rule4)) -> rule8))]
406772,6713,4,320,"Charlie is kind. Dave is kind. Fiona is kind. Harry is big. Harry is kind. Harry is red. Harry is white. All young people are red. If Fiona is red then Fiona is big. If someone is kind then they are young. All big, kind people are red. All white people are cold. If someone is big and red then they are white. Cold people are white. If someone is kind and white then they are cold.",Dave is red.,True,OWA,train,5,AttNoneg-OWA-D5-584,5,7,8,2,3,proof,[(((((triple2) -> rule3)) -> rule1))]
392542,2785,4,192,"Fiona is big. Fiona is red. Fiona is round. Harry is big. Harry is furry. Harry is round. Harry is young. All round, young things are red. If something is young then it is furry. If Fiona is red then Fiona is big. If Fiona is young then Fiona is furry. All furry, round things are smart. All big, furry things are young. If something is round then it is young. If something is young then it is furry.",Fiona is furry.,True,OWA,dev,3,AttNoneg-OWA-D3-1507,3,7,8,2,3,proof,[(((((triple3) -> rule7)) -> rule2) OR ((((triple3) -> rule7)) -> rule4) OR ((((triple3) -> rule7)) -> rule8))]
297848,7919,4,716,The dog does not like the mouse. The dog needs the lion. The dog does not see the mouse. The lion sees the mouse. The mouse likes the tiger. The tiger is blue. The tiger sees the dog. If someone sees the dog then they need the tiger. If someone needs the tiger then the tiger does not need the lion. If the dog sees the tiger then the tiger is not kind. If someone likes the tiger then they do not see the tiger. If someone likes the dog and the dog needs the tiger then the dog needs the mouse. If the mouse needs the tiger then the tiger does not see the mouse. If someone needs the mouse then the mouse sees the dog. If someone likes the dog then the dog needs the lion.,The tiger does not need the lion.,True,OWA,dev,2,RelNeg-OWA-D2-1885,2,7,8,2,3,proof,[(((((triple7) -> rule1)) -> rule2))]
377076,7665,4,527,The dog is young. The lion chases the dog. The lion is blue. The mouse chases the dog. The mouse does not eat the dog. The mouse is red. The mouse is young. If someone chases the dog and they are young then they need the mouse. If someone eats the dog then they need the mouse. If someone is nice then they need the mouse. If someone chases the dog then the dog is nice. If someone needs the dog then the dog is not young. If someone needs the mouse then they do not eat the mouse. If the mouse needs the lion and the lion needs the dog then the dog does not need the mouse. If someone eats the lion and the lion eats the mouse then the lion is round.,The dog needs the mouse.,True,OWA,test,3,RelNeg-OWA-D3-332,3,7,8,2,3,proof,[(((((triple2) -> rule4)) -> rule3) OR ((((triple4) -> rule4)) -> rule3))]
327244,27221,4,1889,The bear is green. The bear needs the mouse. The bear does not see the tiger. The dog sees the mouse. The mouse is big. The mouse is cold. The tiger is blue. If the dog needs the mouse then the mouse likes the tiger. If something is blue and it does not see the dog then the dog needs the bear. If something likes the mouse and it sees the dog then the dog does not like the mouse. If something is cold then it likes the tiger. If the mouse likes the tiger then the mouse needs the bear. If something needs the bear and it is cold then the bear does not like the tiger. If the mouse does not like the bear then the bear needs the tiger. If the bear sees the dog then the bear does not like the dog.,The mouse needs the bear.,True,OWA,train,3,RelNeg-OWA-D3-644,3,7,8,2,3,proof,[(((((triple6) -> rule4)) -> rule5))]
446274,46215,4,2197,"Bob is red. Charlie is red. Dave is quiet. Dave is young. Erin is green. Erin is quiet. Erin is white. If something is red and young then it is smart. If something is green then it is quiet. Cold things are white. If something is white then it is young. If Dave is white and Dave is quiet then Dave is not smart. If Charlie is red then Charlie is white. Young things are green. All young, quiet things are cold.",Charlie is young.,True,OWA,train,5,AttNeg-OWA-D5-570,5,7,8,2,3,proof,[(((((triple2) -> rule6)) -> rule4))]
281848,11759,4,1069,The bear is round. The bear visits the mouse. The mouse is green. The mouse is young. The mouse needs the bear. The mouse sees the bear. The mouse visits the bear. If someone is round then they need the bear. If someone is young and not kind then they do not visit the bear. If the bear visits the mouse and the mouse does not visit the bear then the mouse sees the bear. If someone is green then they need the mouse. If someone sees the bear then the bear is green. If someone sees the bear then they see the mouse. If someone is rough and they see the bear then the bear sees the mouse. If someone visits the bear then the bear does not see the mouse.,The bear needs the mouse.,True,OWA,test,2,RelNeg-OWA-D2-198,2,7,8,2,3,proof,[(((((triple6) -> rule5)) -> rule4))]
389514,20103,4,1388,Charlie is round. Gary is cold. Gary is red. Gary is smart. Gary is young. Harry is smart. Harry is young. If something is young then it is smart. If Harry is young then Harry is red. If something is red then it is young. Round things are kind. All big things are cold. If something is kind then it is big. If Gary is cold then Gary is red. All kind things are smart.,Charlie is smart.,True,OWA,test,3,AttNoneg-OWA-D3-1802,3,7,8,2,3,proof,[(((((triple1) -> rule4)) -> rule8))]
440722,40663,4,1935,"Anne is cold. Anne is not green. Anne is not white. Erin is green. Erin is kind. Gary is smart. Harry is blue. All blue, green things are kind. If something is white then it is cold. All green, kind things are smart. All kind, cold things are smart. If something is quiet and blue then it is smart. If something is quiet then it is white. All smart things are white. Blue things are green.",Erin is white.,True,OWA,train,5,AttNeg-OWA-D5-972,5,7,8,2,4,proof,[(((((triple4 triple5) -> rule3)) -> rule7))]
291418,1489,4,136,"Anne is blue. Anne is cold. Anne is furry. Anne is green. Charlie is big. Charlie is blue. Charlie is furry. If Anne is kind then Anne is blue. Cold things are big. All furry things are nice. If Anne is furry then Anne is nice. If something is cold and blue then it is furry. All green, kind things are furry. If something is blue and not cold then it is furry. Nice things are not kind.",Charlie is not kind.,True,OWA,dev,2,AttNeg-OWA-D2-1144,2,7,8,2,3,proof,[(((((triple7) -> rule3)) -> rule8))]
381434,12023,4,830,Bob is quiet. Charlie is furry. Charlie is quiet. Charlie is not red. Fiona is furry. Fiona is green. Fiona is quiet. If someone is furry then they are not red. Nice people are not green. Nice people are green. All nice people are not kind. All quiet people are kind. If someone is kind and quiet then they are furry. If Fiona is green then Fiona is not nice. Furry people are quiet.,Bob is furry.,True,OWA,test,3,AttNeg-OWA-D3-29,3,7,8,2,4,proof,[(((((triple1) -> rule5) triple1) -> rule6))]
381670,12259,4,847,The cat eats the tiger. The cat is kind. The cat needs the tiger. The tiger eats the cat. The tiger is not cold. The tiger is rough. The tiger needs the cat. If something is red and it sees the cat then it is kind. If something sees the cat and it eats the cat then it is kind. Blue things are not kind. If something needs the tiger and it is kind then the tiger sees the cat. If something is rough and it does not need the tiger then the tiger needs the cat. If something needs the cat then it eats the tiger. If the tiger sees the cat and the tiger is kind then the cat sees the tiger. If something sees the tiger and the tiger needs the cat then the tiger eats the cat.,The tiger is kind.,True,OWA,test,3,RelNeg-OWA-D3-1246,3,7,8,2,5,proof,[(((((triple3 triple2) -> rule4) triple4) -> rule2))]
450134,50075,4,2385,The bear is kind. The bear is round. The dog is red. The dog is round. The rabbit is red. The squirrel is rough. The squirrel needs the bear. If something eats the squirrel and the squirrel eats the rabbit then the squirrel is kind. If something is kind then it needs the squirrel. If something is cold and it needs the rabbit then it is round. If something needs the squirrel then it is red. All cold things are round. If the bear visits the squirrel and the squirrel eats the bear then the squirrel eats the dog. All rough things are cold. All round things are kind.,The squirrel is round.,True,OWA,train,5,RelNoneg-OWA-D5-355,5,7,8,2,3,proof,[(((((triple6) -> rule7)) -> rule5))]
410642,10583,4,506,"Bob is quiet. Bob is not rough. Bob is not round. Charlie is not kind. Charlie is smart. Erin is blue. Harry is rough. If Charlie is smart and Charlie is rough then Charlie is not kind. All kind people are round. All quiet, blue people are round. All kind people are smart. If someone is blue and kind then they are smart. If someone is round then they are kind. Blue people are white. If Erin is white then Erin is quiet.",Erin is quiet.,True,OWA,train,5,AttNeg-OWA-D5-1018,5,7,8,2,3,proof,[(((((triple6) -> rule7)) -> rule8))]
363692,63669,4,4419,"Charlie is quiet. Dave is rough. Erin is quiet. Erin is not rough. Fiona is not blue. Fiona is green. Fiona is red. If Charlie is green and Charlie is young then Charlie is blue. If something is green and rough then it is cold. Rough things are green. Quiet things are not blue. All green things are quiet. Young, rough things are quiet. If Dave is rough and Dave is not cold then Dave is quiet. If Erin is red and Erin is not cold then Erin is young.",Dave is quiet.,True,OWA,train,3,AttNeg-OWA-D3-230,3,7,8,2,3,proof,[(((((triple2) -> rule3)) -> rule5))]
387478,18067,4,1249,The cat is rough. The cat is round. The dog does not chase the lion. The dog eats the cat. The dog does not like the cat. The lion chases the dog. The lion is green. If someone is green and they like the lion then they eat the dog. If someone is round then they chase the lion. If someone chases the lion then they like the dog. If someone eats the dog then they are not round. If the dog does not like the lion then the lion is red. If someone likes the lion and the lion likes the cat then they chase the dog. If someone likes the lion and the lion is green then the lion is round. If someone likes the dog then they eat the lion.,The cat likes the dog.,True,OWA,test,3,RelNeg-OWA-D3-810,3,7,8,2,3,proof,[(((((triple2) -> rule2)) -> rule3))]
460566,60507,4,2879,"Bob is big. Bob is furry. Charlie is furry. Charlie is nice. Dave is furry. Dave is nice. Erin is white. If Dave is white then Dave is not kind. All white things are blue. If Erin is blue then Erin is big. If something is white and cold then it is not furry. All blue, big things are nice. If Erin is furry and Erin is white then Erin is kind. If something is cold then it is not kind. White, nice things are cold.",Erin is big.,True,OWA,train,5,AttNeg-OWA-D5-827,5,7,8,2,3,proof,[(((((triple7) -> rule2)) -> rule3))]
243526,43513,4,3925,"Dave is round. Gary is big. Gary is cold. Gary is not green. Harry is not cold. Harry is not green. Harry is kind. Round, green people are not blue. If someone is round then they are blue. Blue people are not cold. If Dave is kind then Dave is green. If Dave is kind then Dave is cold. If someone is round and kind then they are not big. Cold, kind people are not big. If Harry is round and Harry is white then Harry is cold.",Dave is not cold.,True,OWA,train,2,AttNeg-OWA-D2-465,2,7,8,2,3,proof,[(((((triple1) -> rule2)) -> rule3))]
333039,33016,5,2290,Bob is blue. Bob is nice. Dave is big. Erin is big. Harry is not blue. Harry is round. Harry is white. All big people are round. Big people are furry. If someone is big then they are green. All round people are nice. If someone is round then they are not blue. If Bob is green and Bob is not blue then Bob is furry. If someone is nice and not blue then they are white. If someone is furry and not green then they are not white.,Dave is not nice.,False,OWA,train,3,AttNeg-OWA-D3-1431,3,7,8,2,3,inv-proof,[(((((triple3) -> rule1)) -> rule4))]
275257,5168,5,464,The bald eagle is round. The cat does not see the dog. The cat visits the mouse. The dog sees the cat. The mouse does not like the dog. The mouse sees the bald eagle. The mouse sees the cat. If something likes the mouse then it visits the cat. If something likes the dog and the dog is round then it likes the cat. If the cat sees the mouse then the cat is red. If something sees the bald eagle then the bald eagle is red. If something is red then it likes the mouse. If something visits the dog then the dog visits the cat. If something likes the dog and the dog is nice then it visits the dog. If something likes the cat and it does not like the mouse then it does not see the cat.,The bald eagle does not like the mouse.,False,OWA,test,2,RelNeg-OWA-D2-1103,3,7,8,2,3,inv-proof,[(((((triple6) -> rule4)) -> rule5))]
206115,6102,5,552,"Bob is big. Bob is blue. Bob is green. Bob is round. Bob is smart. Gary is green. Gary is smart. If someone is round then they are young. If someone is kind and round then they are not young. If someone is big and round then they are young. If someone is big and kind then they are blue. If someone is smart then they are green. Big, young people are smart. All young people are not kind. If Gary is green then Gary is young.",Gary is kind.,False,OWA,train,2,AttNeg-OWA-D2-660,2,7,8,2,3,inv-proof,[(((((triple6) -> rule8)) -> rule7) OR ((((((triple7) -> rule5)) -> rule8)) -> rule7))]
408841,8782,5,418,"Bob is quiet. Bob is young. Erin is green. Erin is red. Fiona is quiet. Fiona is young. Harry is blue. Blue, big people are green. If someone is young then they are big. Big people are blue. If someone is red and big then they are white. All white, green people are big. If someone is green and big then they are red. If someone is white and young then they are green. If Erin is white then Erin is young.",Fiona is not blue.,False,OWA,train,5,AttNoneg-OWA-D5-691,5,7,8,2,3,inv-proof,[(((((triple6) -> rule2)) -> rule3))]
437135,37076,5,1768,"Dave is nice. Erin is quiet. Gary is round. Gary is not smart. Harry is kind. Harry is nice. Harry is red. Red, quiet things are young. If something is kind and smart then it is not young. Nice things are young. All red, kind things are quiet. If something is young and round then it is kind. Red things are nice. If something is round then it is red. Young things are red.",Dave is not red.,False,OWA,train,5,AttNeg-OWA-D5-790,5,7,8,2,3,inv-proof,[(((((triple1) -> rule3)) -> rule8))]
264053,64040,5,5778,The rabbit chases the squirrel. The squirrel chases the rabbit. The squirrel eats the rabbit. The squirrel is blue. The squirrel is cold. The squirrel is not red. The squirrel needs the rabbit. If the rabbit needs the squirrel and the rabbit is not round then the rabbit chases the squirrel. If someone is green then they are red. If someone is green and they need the squirrel then the squirrel does not eat the rabbit. If someone is red then they do not chase the squirrel. If someone is cold then they chase the squirrel. If someone needs the rabbit then they chase the rabbit. If someone chases the squirrel then they do not eat the squirrel. If someone is green and they do not need the rabbit then they do not eat the squirrel.,The squirrel eats the squirrel.,False,OWA,train,2,RelNeg-OWA-D2-2068,2,7,8,2,3,inv-proof,[(((((triple5) -> rule5)) -> rule7))]
384775,15364,5,1058,The cow eats the tiger. The cow is nice. The cow needs the tiger. The squirrel sees the tiger. The tiger eats the cow. The tiger eats the squirrel. The tiger is green. If something sees the tiger then it is round. If the cow is nice then the cow needs the squirrel. If the tiger is rough and the tiger is red then the tiger sees the squirrel. If something needs the cow and it eats the tiger then the cow is round. If something is rough then it needs the squirrel. If something needs the squirrel then the squirrel is rough. If something needs the tiger then it is round. If something needs the tiger and it needs the cow then the tiger eats the cow.,The squirrel is not rough.,False,OWA,test,3,RelNoneg-OWA-D3-1011,3,7,8,2,3,inv-proof,[(((((triple2) -> rule2)) -> rule6))]
472429,2560,5,118,The bald eagle eats the mouse. The bald eagle likes the tiger. The bald eagle sees the lion. The lion does not eat the bald eagle. The lion is rough. The mouse likes the tiger. The tiger is cold. If something is kind then it sees the mouse. If something likes the mouse then it likes the tiger. If something is round then it does not like the tiger. If something sees the bald eagle then it likes the lion. If something sees the mouse then it is cold. Rough things are kind. If something eats the bald eagle then it likes the bald eagle. All cold things are round.,The lion does not see the mouse.,False,OWA,test,5,RelNeg-OWA-D5-677,5,7,8,2,3,inv-proof,[(((((triple5) -> rule6)) -> rule1))]
331655,31632,5,2196,The bear eats the mouse. The bear is nice. The mouse eats the bear. The mouse is cold. The mouse needs the bear. The tiger is round. The tiger likes the bear. If someone needs the bear then they eat the mouse. If someone likes the tiger and they are big then they eat the tiger. If someone is nice then they eat the bear. If someone needs the tiger and they are nice then they are big. If someone eats the tiger and the tiger likes the bear then the tiger is young. If the mouse is big then the mouse is nice. If someone needs the mouse and the mouse is cold then the mouse eats the tiger. If someone eats the mouse and they eat the bear then they need the tiger.,The mouse does not need the tiger.,False,OWA,train,3,RelNoneg-OWA-D3-462,3,7,8,2,4,inv-proof,[(((((triple5) -> rule1) triple3) -> rule8))]
331147,31124,5,2161,The bald eagle chases the dog. The bald eagle chases the rabbit. The dog visits the rabbit. The rabbit does not chase the dog. The rabbit is green. The rabbit is kind. The rabbit likes the dog. If the dog is rough then the dog is not blue. If someone visits the bald eagle and they visit the rabbit then the bald eagle likes the rabbit. If the bald eagle chases the rabbit then the bald eagle visits the dog. If someone likes the rabbit then they are rough. If someone visits the rabbit then they visit the bald eagle. If someone likes the bald eagle and they are blue then the bald eagle does not visit the rabbit. If someone is rough and they like the rabbit then they chase the bald eagle. If the bald eagle is rough and the bald eagle likes the rabbit then the rabbit visits the dog.,The bald eagle does not like the rabbit.,False,OWA,train,3,RelNeg-OWA-D3-485,4,7,8,2,4,inv-proof,[(((((triple3) -> rule5) triple3) -> rule2))]
392389,2632,5,181,The cow chases the mouse. The dog chases the cow. The mouse is not blue. The mouse is not kind. The mouse is not nice. The mouse needs the cow. The mouse visits the cow. If someone visits the mouse then they do not need the mouse. If the mouse needs the cow then the mouse visits the dog. If the cow is young and the cow visits the mouse then the cow needs the dog. If the mouse is young then the mouse is red. If someone visits the cow then the cow is young. If someone needs the dog then they do not chase the cow. If someone visits the cow and they visit the dog then they need the dog. If someone is kind and they do not need the dog then they chase the mouse.,The mouse does not need the dog.,False,OWA,dev,3,RelNeg-OWA-D3-1262,3,7,8,2,4,inv-proof,[(((triple7 ((triple6) -> rule2)) -> rule7))]
387559,18148,5,1255,Anne is not nice. Anne is rough. Anne is smart. Bob is rough. Gary is nice. Gary is quiet. Harry is rough. If Gary is big then Gary is cold. All nice people are big. If Gary is big then Gary is quiet. If someone is green then they are smart. If Anne is quiet and Anne is not green then Anne is big. If someone is nice and not quiet then they are not rough. If someone is quiet and not big then they are not rough. Cold people are rough.,Gary is not cold.,False,OWA,test,3,AttNeg-OWA-D3-476,3,7,8,2,3,inv-proof,[(((((triple5) -> rule2)) -> rule1))]
387787,18376,5,1270,"Anne is round. Bob is big. Bob is furry. Bob is red. Fiona is furry. Harry is big. Harry is nice. All furry things are round. Furry, round things are red. Nice things are young. If something is green then it is big. If Harry is furry then Harry is young. All nice things are furry. If Harry is red then Harry is furry. If Fiona is nice and Fiona is round then Fiona is young.",Harry is not round.,False,OWA,test,3,AttNoneg-OWA-D3-1021,3,7,8,2,3,inv-proof,[(((((triple7) -> rule6)) -> rule1))]
207621,7608,5,686,The bald eagle eats the lion. The bald eagle is kind. The cow likes the lion. The dog is green. The dog is kind. The lion does not chase the bald eagle. The lion likes the dog. If someone eats the lion then they chase the dog. If someone eats the lion and they chase the bald eagle then they like the lion. If someone eats the cow and they do not like the cow then they like the lion. If someone is kind then they eat the bald eagle. If someone chases the dog then they chase the lion. If someone eats the lion then the lion does not chase the bald eagle. If someone is kind then they eat the cow. If someone is young then they are kind.,The bald eagle does not chase the lion.,False,OWA,train,2,RelNeg-OWA-D2-1256,2,7,8,2,3,inv-proof,[(((((triple1) -> rule1)) -> rule5))]
318683,18660,5,1297,Bob is not red. Charlie is red. Charlie is round. Dave is not white. Erin is nice. Erin is red. Erin is white. All nice people are white. Young people are not white. If Erin is not red then Erin is young. If Dave is not young then Dave is cold. If Charlie is red then Charlie is nice. If someone is round and white then they are not cold. If someone is white then they are smart. If Bob is white then Bob is not smart.,Charlie is not white.,False,OWA,train,3,AttNeg-OWA-D3-803,3,7,8,2,3,inv-proof,[(((((triple2) -> rule5)) -> rule1))]
418499,18440,5,880,Anne is rough. Dave is big. Dave is smart. Fiona is big. Fiona is rough. Fiona is white. Gary is kind. Smart things are young. If something is kind then it is young. If something is young then it is kind. All kind things are white. If something is furry and smart then it is white. If Fiona is furry and Fiona is rough then Fiona is big. Rough things are big. All big things are smart.,Fiona is not young.,False,OWA,train,5,AttNeg-OWA-D5-137,5,7,8,2,3,inv-proof,[(((((triple4) -> rule8)) -> rule1) OR ((((((triple5) -> rule7)) -> rule8)) -> rule1))]
376353,6942,5,477,The lion is blue. The lion is kind. The lion is nice. The lion likes the tiger. The lion needs the tiger. The tiger chases the lion. The tiger needs the lion. If someone is big then they need the lion. If someone likes the lion then the lion likes the tiger. If someone likes the tiger and they chase the tiger then the tiger needs the lion. If someone chases the tiger then they need the lion. If someone is green and kind then they need the tiger. If someone likes the tiger then the tiger chases the lion. If someone likes the tiger and they need the tiger then they like the lion. If someone likes the lion and the lion likes the tiger then the lion chases the tiger.,The lion does not chase the tiger.,False,OWA,test,3,RelNoneg-OWA-D3-803,3,7,8,2,5,inv-proof,[(((((triple4 triple5) -> rule7) triple4) -> rule8))]
488357,18488,5,875,The bald eagle needs the squirrel. The cat is big. The cat is kind. The squirrel sees the tiger. The squirrel visits the cat. The tiger is young. The tiger sees the bald eagle. If something visits the squirrel and it sees the tiger then the tiger visits the cat. If something visits the bald eagle then it is kind. If something is big and cold then it sees the bald eagle. If something is kind then it needs the bald eagle. If something visits the cat and it needs the bald eagle then the cat sees the squirrel. If something is big then it sees the squirrel. If something is big then it visits the bald eagle. If something sees the squirrel then the squirrel is big.,The squirrel is not big.,False,OWA,test,5,RelNoneg-OWA-D5-807,5,7,8,2,3,inv-proof,[(((((triple2) -> rule6)) -> rule8))]
486757,16888,5,799,The bear is green. The bear visits the cow. The cat is green. The cat is nice. The cow likes the cat. The cow visits the lion. The lion visits the cat. If someone visits the cow then the cow eats the lion. If someone eats the bear then the bear visits the cat. If someone is young then they eat the bear. If someone is blue then they eat the bear. If someone likes the lion then they are young. If the lion is nice then the lion eats the bear. If someone eats the lion then they like the lion. If someone is green then they eat the cat.,The cow does not like the lion.,False,OWA,test,5,RelNoneg-OWA-D5-1026,5,7,8,2,3,inv-proof,[(((((triple2) -> rule1)) -> rule7))]
283855,13766,5,1247,The cat chases the rabbit. The cat is nice. The cat is red. The lion chases the cat. The lion chases the rabbit. The lion needs the rabbit. The rabbit chases the lion. If someone is red and they like the cat then they like the rabbit. If someone likes the rabbit and they like the cat then they are kind. If someone chases the rabbit and the rabbit is red then the rabbit is kind. If someone likes the lion then they are nice. If someone likes the cat then they like the lion. If the rabbit needs the cat and the rabbit needs the lion then the rabbit is green. If someone is red and nice then they need the rabbit. If someone needs the rabbit and they chase the cat then the rabbit likes the lion.,The rabbit is not nice.,False,OWA,test,2,RelNoneg-OWA-D2-1852,2,7,8,2,4,inv-proof,[(((((triple6 triple4) -> rule8)) -> rule4))]
336951,36928,5,2566,"Anne is blue. Erin is big. Erin is nice. Erin is smart. Gary is nice. Gary is quiet. Harry is smart. Round things are not big. If something is furry then it is big. If Harry is not nice then Harry is not big. All nice things are smart. If something is nice and round then it is smart. If something is smart then it is blue. All blue, nice things are not round. If something is furry and not blue then it is quiet.",Gary is not blue.,False,OWA,train,3,AttNeg-OWA-D3-1559,3,7,8,2,3,inv-proof,[(((((triple5) -> rule4)) -> rule6))]
330421,30398,5,2111,"Charlie is young. Erin is white. Fiona is cold. Fiona is furry. Fiona is quiet. Fiona is white. Harry is nice. If something is cold then it is quiet. All cold, quiet things are white. Cold, blue things are furry. Furry things are young. Nice things are cold. If Fiona is blue then Fiona is nice. If Fiona is young and Fiona is furry then Fiona is white. All nice things are blue.",Harry is not furry.,False,OWA,train,3,AttNoneg-OWA-D3-1077,3,7,8,2,5,inv-proof,[(((((triple7) -> rule5) ((triple7) -> rule8)) -> rule3))]
367835,67812,5,4709,The bald eagle likes the cow. The bald eagle sees the cow. The bald eagle visits the cow. The cow is rough. The cow is young. The cow sees the bald eagle. The cow visits the bald eagle. If someone sees the cow and the cow likes the bald eagle then the bald eagle is blue. If someone visits the bald eagle and they see the cow then the bald eagle is blue. If someone is rough then they like the bald eagle. If someone likes the cow and they are blue then they do not visit the bald eagle. If someone visits the bald eagle then the bald eagle sees the cow. If the bald eagle sees the cow then the bald eagle is young. If someone likes the bald eagle then the bald eagle is big. If the cow visits the bald eagle then the cow is kind.,The bald eagle is not big.,False,OWA,train,3,RelNeg-OWA-D3-1148,3,7,8,2,3,inv-proof,[(((((triple4) -> rule3)) -> rule7))]
457075,57016,5,2712,"Anne is big. Anne is furry. Anne is smart. Anne is young. Dave is young. Erin is nice. Fiona is cold. All nice things are smart. Smart things are cold. If Erin is smart and Erin is green then Erin is furry. All big things are green. If Erin is cold then Erin is big. All big, green things are young. All cold things are furry. All cold, big things are green.",Erin is not cold.,False,OWA,train,5,AttNoneg-OWA-D5-505,5,7,8,2,3,inv-proof,[(((((triple6) -> rule1)) -> rule2))]
371735,2324,5,159,"Anne is furry. Anne is young. Fiona is big. Fiona is furry. Gary is nice. Gary is quiet. Harry is nice. If someone is nice and furry then they are white. All white people are young. If Gary is nice and Gary is quiet then Gary is white. All furry people are quiet. White, young people are nice. If Fiona is young then Fiona is white. Furry, big people are white. If Fiona is furry then Fiona is quiet.",Fiona is not young.,False,OWA,test,3,AttNoneg-OWA-D3-185,3,7,8,2,4,inv-proof,[(((((triple4 triple3) -> rule7)) -> rule2))]
421555,21496,5,1024,"Bob is furry. Bob is not white. Erin is green. Erin is young. Fiona is green. Fiona is round. Harry is furry. If Erin is blue then Erin is cold. If Bob is furry then Bob is not blue. All blue things are white. All green things are white. All young things are cold. Furry, round things are blue. White things are young. If Fiona is cold then Fiona is furry.",Fiona is not young.,False,OWA,train,5,AttNeg-OWA-D5-551,5,7,8,2,3,inv-proof,[(((((triple5) -> rule4)) -> rule7))]
477339,7470,5,353,"Anne is kind. Anne is rough. Bob is big. Dave is big. Dave is cold. Fiona is kind. Fiona is white. Big people are cold. All big, kind people are red. If someone is quiet then they are kind. If Dave is rough then Dave is big. If someone is cold then they are quiet. Red, kind people are white. If Fiona is big then Fiona is quiet. If Bob is kind and Bob is not red then Bob is not rough.",Bob is not quiet.,False,OWA,test,5,AttNeg-OWA-D5-277,5,7,8,2,3,inv-proof,[(((((triple3) -> rule1)) -> rule5))]
312709,12686,5,888,Charlie is rough. Charlie is not round. Charlie is white. Charlie is not young. Erin is red. Erin is round. Fiona is cold. If Charlie is not cold then Charlie is green. Cold people are red. If someone is cold and not green then they are round. If someone is young then they are not round. If someone is cold and red then they are white. If someone is cold and not round then they are white. If someone is young and not cold then they are rough. If someone is white then they are rough.,Fiona is not white.,False,OWA,train,3,AttNeg-OWA-D3-1739,3,7,8,2,4,inv-proof,[(((triple7 ((triple7) -> rule2)) -> rule5))]
378571,9160,5,632,The bald eagle is cold. The bald eagle is round. The bald eagle sees the lion. The lion is green. The rabbit sees the bald eagle. The rabbit sees the lion. The tiger visits the lion. If the bald eagle sees the tiger then the bald eagle likes the rabbit. If something is cold then it sees the tiger. If something visits the lion and the lion likes the tiger then the lion is not round. If something sees the lion then it likes the bald eagle. If something likes the rabbit and the rabbit sees the lion then the rabbit does not visit the bald eagle. If something is green and it does not visit the lion then it does not see the rabbit. If something is kind and green then it visits the rabbit. If something sees the bald eagle and the bald eagle does not like the rabbit then the bald eagle is young.,The bald eagle does not like the rabbit.,False,OWA,test,3,RelNeg-OWA-D3-1193,3,7,8,2,3,inv-proof,[(((((triple1) -> rule2)) -> rule1))]
389515,20104,5,1388,Charlie is round. Gary is cold. Gary is red. Gary is smart. Gary is young. Harry is smart. Harry is young. If something is young then it is smart. If Harry is young then Harry is red. If something is red then it is young. Round things are kind. All big things are cold. If something is kind then it is big. If Gary is cold then Gary is red. All kind things are smart.,Charlie is not smart.,False,OWA,test,3,AttNoneg-OWA-D3-1802,3,7,8,2,3,inv-proof,[(((((triple1) -> rule4)) -> rule8))]
254377,54364,5,4908,"Bob is furry. Bob is quiet. Bob is red. Fiona is big. Fiona is not furry. Fiona is quiet. Fiona is not red. If something is cold then it is quiet. If Fiona is cold then Fiona is not rough. Rough, quiet things are young. All cold things are not young. Furry, quiet things are rough. If something is quiet and not cold then it is furry. All quiet, red things are furry. If Fiona is not big then Fiona is furry.",Bob is not young.,False,OWA,train,2,AttNeg-OWA-D2-1781,2,7,8,2,5,inv-proof,[(((((triple1 triple2) -> rule5) triple2) -> rule3) OR ((((((triple2 triple3) -> rule7) triple2) -> rule5) triple2) -> rule3))]
359053,59030,5,4098,The bald eagle chases the squirrel. The bald eagle eats the squirrel. The bald eagle sees the squirrel. The squirrel chases the bald eagle. The squirrel eats the bald eagle. The squirrel is rough. The squirrel sees the bald eagle. If the squirrel eats the bald eagle and the squirrel chases the bald eagle then the bald eagle eats the squirrel. If something is rough then it is green. If something chases the bald eagle and the bald eagle is blue then the bald eagle is rough. If something eats the squirrel and the squirrel sees the bald eagle then it is blue. If something is green and it sees the squirrel then it eats the bald eagle. If something sees the squirrel then the squirrel sees the bald eagle. If something is rough then it chases the bald eagle. If something sees the squirrel and the squirrel eats the bald eagle then the squirrel chases the bald eagle.,The bald eagle is not rough.,False,OWA,train,3,RelNoneg-OWA-D3-656,4,7,8,2,5,inv-proof,[(((triple4 ((triple2 triple7) -> rule4)) -> rule3) OR ((((triple6) -> rule7) ((triple2 triple7) -> rule4)) -> rule3) OR ((((triple3 triple5) -> rule8) ((triple2 triple7) -> rule4)) -> rule3) OR ((triple4 ((triple2 ((triple3) -> rule6)) -> rule4)) -> rule3) OR ((triple4 ((((triple5 triple4) -> rule1) triple7) -> rule4)) -> rule3) OR ((triple4 ((((triple5 triple4) -> rule1) ((triple3) -> rule6)) -> rule4)) -> rule3) OR ((((triple6) -> rule7) ((triple2 ((triple3) -> rule6)) -> rule4)) -> rule3) OR ((((triple6) -> rule7) ((((triple5 triple4) -> rule1) triple7) -> rule4)) -> rule3) OR ((((triple3 triple5) -> rule8) ((triple2 ((triple3) -> rule6)) -> rule4)) -> rule3) OR ((((triple3 triple5) -> rule8) ((((triple5 triple4) -> rule1) triple7) -> rule4)) -> rule3) OR ((((triple6) -> rule7) ((((triple5 triple4) -> rule1) ((triple3) -> rule6)) -> rule4)) -> rule3) OR ((((triple3 triple5) -> rule8) ((((triple5 triple4) -> rule1) ((triple3) -> rule6)) -> rule4)) -> rule3) OR ((triple4 ((((triple5 ((triple6) -> rule7)) -> rule1) triple7) -> rule4)) -> rule3) OR ((triple4 ((((triple5 ((triple3 triple5) -> rule8)) -> rule1) triple7) -> rule4)) -> rule3) OR ((triple4 ((((triple5 ((triple6) -> rule7)) -> rule1) ((triple3) -> rule6)) -> rule4)) -> rule3) OR ((triple4 ((((triple5 ((triple3 triple5) -> rule8)) -> rule1) ((triple3) -> rule6)) -> rule4)) -> rule3) OR ((((triple6) -> rule7) ((((triple5 ((triple6) -> rule7)) -> rule1) triple7) -> rule4)) -> rule3) OR ((((triple6) -> rule7) ((((triple5 ((triple3 triple5) -> rule8)) -> rule1) triple7) -> rule4)) -> rule3) OR ((((triple3 triple5) -> rule8) ((((triple5 ((triple6) -> rule7)) -> rule1) triple7) -> rule4)) -> rule3) OR ((((triple3 triple5) -> rule8) ((((triple5 ((triple3 triple5) -> rule8)) -> rule1) triple7) -> rule4)) -> rule3) OR ((((triple6) -> rule7) ((((triple5 ((triple6) -> rule7)) -> rule1) ((triple3) -> rule6)) -> rule4)) -> rule3) OR ((((triple6) -> rule7) ((((triple5 ((triple3 triple5) -> rule8)) -> rule1) ((triple3) -> rule6)) -> rule4)) -> rule3) OR ((((triple3 triple5) -> rule8) ((((triple5 ((triple6) -> rule7)) -> rule1) ((triple3) -> rule6)) -> rule4)) -> rule3) OR ((((triple3 triple5) -> rule8) ((((triple5 ((triple3 triple5) -> rule8)) -> rule1) ((triple3) -> rule6)) -> rule4)) -> rule3))]
465003,64944,5,3093,The cat eats the cow. The cat is kind. The cat visits the dog. The cow sees the dog. The dog is red. The dog visits the rabbit. The rabbit sees the cow. If the cat eats the cow then the cow is round. If something visits the cow and it is round then the cow visits the cat. If something eats the rabbit then it sees the cow. If something visits the cat and it visits the dog then it is cold. If something eats the rabbit and it sees the cow then the rabbit is round. If something eats the cow then the cow is kind. If something is round then it eats the rabbit. If something visits the rabbit and it sees the dog then the dog visits the cat.,The cow does not eat the rabbit.,False,OWA,train,5,RelNoneg-OWA-D5-235,5,7,8,2,3,inv-proof,[(((((triple1) -> rule1)) -> rule7))]
318943,18920,5,1314,The cat is big. The cat is blue. The cat is red. The cat likes the lion. The cat sees the lion. The lion is round. The lion likes the cat. If something likes the lion and it sees the cat then the lion is red. If something is red then it sees the cat. If something needs the lion then it is red. If something is blue then it likes the lion. If something likes the lion and the lion needs the cat then the lion sees the cat. If the lion is not blue then the lion sees the cat. If something sees the cat then it needs the lion. If the lion is not red then the lion likes the cat.,The lion is not red.,False,OWA,train,3,RelNeg-OWA-D3-1003,4,7,8,2,4,inv-proof,[(((triple4 ((triple3) -> rule2)) -> rule1) OR ((((triple2) -> rule4) ((triple3) -> rule2)) -> rule1))]
322531,22508,5,1561,"Anne is green. Anne is red. Anne is rough. Anne is round. Anne is young. Erin is red. Erin is round. All round things are white. Red, rough things are white. Rough things are white. Rough things are furry. Green things are rough. If something is rough and white then it is green. If something is white and furry then it is red. All white things are green.",Erin is not green.,False,OWA,train,3,AttNoneg-OWA-D3-620,4,7,8,2,3,inv-proof,[(((((triple7) -> rule1)) -> rule8))]
445737,45678,5,2171,"Bob is not red. Charlie is not big. Charlie is not red. Erin is green. Erin is red. Gary is cold. Gary is quiet. All big, green things are kind. If something is big and quiet then it is not rough. If something is quiet and cold then it is big. Green, cold things are big. If Erin is kind then Erin is cold. Kind things are quiet. Kind things are quiet. Green things are cold.",Gary is rough.,False,OWA,train,5,AttNeg-OWA-D5-389,5,7,8,2,5,inv-proof,[(((((triple7 triple6) -> rule3) triple7) -> rule2))]
230001,29988,5,2701,The bald eagle eats the tiger. The bald eagle is young. The bald eagle sees the cow. The cow eats the tiger. The lion is cold. The tiger needs the bald eagle. The tiger sees the cow. If the tiger eats the cow and the tiger sees the cow then the tiger is young. If something sees the tiger and it sees the lion then the lion eats the tiger. If something sees the lion and the lion needs the bald eagle then the bald eagle eats the tiger. If the lion is cold and the lion eats the tiger then the lion sees the cow. If something eats the tiger then it is big. If something is big and young then it sees the tiger. If something eats the tiger then the tiger needs the bald eagle. If something sees the bald eagle and the bald eagle sees the lion then it eats the bald eagle.,The bald eagle does not see the tiger.,False,OWA,train,2,RelNoneg-OWA-D2-1490,2,7,8,2,4,inv-proof,[(((((triple1) -> rule5) triple2) -> rule6))]
487987,18118,5,857,The cow visits the squirrel. The lion is not green. The mouse is green. The squirrel is kind. The squirrel is red. The squirrel needs the cow. The squirrel needs the lion. If something visits the lion then the lion visits the squirrel. If something visits the squirrel and the squirrel needs the cow then it is rough. If something is rough then it visits the lion. If the cow eats the lion then the lion is not rough. If the mouse visits the squirrel and the mouse is not kind then the squirrel eats the mouse. If the mouse is red and the squirrel does not visit the mouse then the squirrel is rough. If something needs the mouse and it eats the cow then the mouse is big. If something is rough then it needs the lion.,The cow does not visit the lion.,False,OWA,test,5,RelNeg-OWA-D5-127,5,7,8,2,4,inv-proof,[(((((triple1 triple6) -> rule2)) -> rule3))]
334831,34808,5,2415,The bear is nice. The bear sees the cow. The bear sees the dog. The cow eats the squirrel. The dog eats the bear. The squirrel chases the dog. The squirrel is nice. If something eats the bear and it eats the cow then the bear is kind. If something is nice and it sees the cow then the cow is cold. If something is cold and it eats the dog then the dog eats the squirrel. If something is cold then it sees the dog. If something is cold and it sees the dog then the dog chases the bear. If the dog is kind and the dog eats the bear then the bear chases the cow. If something is nice and it chases the bear then it eats the dog. If the squirrel eats the dog and the squirrel is cold then the squirrel sees the dog.,The cow does not see the dog.,False,OWA,train,3,RelNoneg-OWA-D3-687,3,7,8,2,4,inv-proof,[(((((triple1 triple2) -> rule2)) -> rule4))]
266611,66598,5,6013,"Bob is rough. Fiona is round. Gary is kind. Harry is blue. Harry is red. Harry is rough. Harry is round. Cold things are kind. If something is cold then it is rough. Kind, nice things are rough. All kind things are nice. If something is round and rough then it is nice. If something is red and rough then it is blue. Rough things are kind. Kind, round things are cold.",Harry is not cold.,False,OWA,train,2,AttNoneg-OWA-D2-60,2,7,8,2,4,inv-proof,[(((((triple6) -> rule7) triple7) -> rule8))]
335917,35894,5,2492,The cow sees the lion. The cow visits the squirrel. The dog is red. The lion is young. The lion visits the squirrel. The squirrel visits the cow. The squirrel visits the dog. All cold things are nice. Red things are cold. If something eats the lion and it is not red then the lion is young. If something eats the dog and it does not see the squirrel then the squirrel visits the dog. If the cow eats the dog and the dog is red then the dog is not rough. If something eats the lion then the lion eats the dog. All nice things are rough. If something visits the dog and it is not cold then it is rough.,The dog is not nice.,False,OWA,train,3,RelNeg-OWA-D3-355,3,7,8,2,3,inv-proof,[(((((triple3) -> rule2)) -> rule1))]
369591,180,5,12,"Bob is not kind. Bob is white. Dave is kind. Dave is nice. Erin is blue. Erin is nice. Fiona is rough. If something is blue then it is not red. Kind things are not red. If something is blue and not nice then it is kind. Nice, kind things are not green. All rough things are green. Blue things are rough. If something is green then it is white. All red things are blue.",Fiona is not white.,False,OWA,test,3,AttNeg-OWA-D3-1339,3,7,8,2,3,inv-proof,[(((((triple7) -> rule5)) -> rule7))]
374005,4594,5,315,The bald eagle eats the squirrel. The bald eagle is not young. The squirrel chases the bald eagle. The squirrel is kind. The squirrel is rough. The squirrel is young. The squirrel needs the bald eagle. If something needs the bald eagle and it chases the squirrel then the bald eagle is not red. If something chases the squirrel and it does not need the squirrel then it does not chase the bald eagle. If something is red and it chases the squirrel then it is nice. If something needs the squirrel then the squirrel eats the bald eagle. If the bald eagle eats the squirrel then the squirrel does not eat the bald eagle. If something needs the squirrel and it chases the squirrel then it is red. If something is rough and it chases the bald eagle then it chases the squirrel. If something chases the squirrel then the squirrel is red.,The squirrel is not red.,False,OWA,test,3,RelNeg-OWA-D3-595,3,7,8,2,4,inv-proof,[(((((triple5 triple3) -> rule7)) -> rule8))]
387623,18212,5,1259,The lion eats the tiger. The lion is big. The squirrel eats the tiger. The squirrel is young. The tiger chases the squirrel. The tiger is big. The tiger needs the lion. If someone needs the tiger then the tiger eats the squirrel. All nice people are round. If someone needs the lion then the lion is nice. If someone needs the tiger then the tiger eats the squirrel. If someone is round then they need the squirrel. If someone needs the tiger then they eat the squirrel. If someone is nice and they chase the squirrel then the squirrel needs the tiger. If someone chases the tiger and the tiger needs the lion then they are young.,The lion is not round.,False,OWA,test,3,RelNoneg-OWA-D3-191,3,7,8,2,3,inv-proof,[(((((triple7) -> rule3)) -> rule2))]
459993,59934,5,2850,"Anne is big. Charlie is white. Dave is big. Dave is red. Fiona is furry. Fiona is quiet. Fiona is white. All cold things are red. All big things are smart. If Anne is quiet then Anne is cold. If something is smart and furry then it is cold. If Fiona is smart then Fiona is big. If something is red then it is quiet. Smart things are furry. All smart, red things are white.",Anne is not furry.,False,OWA,train,5,AttNoneg-OWA-D5-762,5,7,8,2,3,inv-proof,[(((((triple1) -> rule2)) -> rule7))]
308515,8492,5,595,"Bob is furry. Bob is nice. Bob is rough. Erin is blue. Erin is smart. Erin is white. Gary is cold. If something is cold then it is rough. If Bob is not nice then Bob is cold. All blue things are white. If Gary is smart and Gary is not cold then Gary is furry. If something is furry and not cold then it is blue. All rough, furry things are blue. Blue, white things are smart. If Gary is smart then Gary is rough.",Bob is not white.,False,OWA,train,3,AttNeg-OWA-D3-1643,3,7,8,2,4,inv-proof,[(((((triple3 triple1) -> rule6)) -> rule3))]
409545,9486,5,452,The cat does not eat the dog. The dog sees the rabbit. The mouse is big. The mouse is round. The rabbit eats the cat. The rabbit is round. The rabbit likes the dog. If the cat sees the dog and the cat is rough then the cat likes the mouse. If someone likes the rabbit then they see the mouse. If someone sees the cat and they like the dog then the cat likes the rabbit. If someone eats the cat then the cat is blue. If someone is round then they see the cat. If someone likes the mouse then the mouse eats the dog. If someone sees the mouse then the mouse likes the rabbit. If the cat likes the mouse then the mouse likes the rabbit.,The cat does not like the rabbit.,False,OWA,train,5,RelNeg-OWA-D5-945,5,7,8,2,4,inv-proof,[(((((triple6) -> rule5) triple7) -> rule3))]
463985,63926,5,3043,"Charlie is nice. Charlie is red. Fiona is round. Fiona is white. Gary is round. Harry is red. Harry is rough. All round, red things are nice. Nice, kind things are red. If something is round then it is kind. If something is rough and red then it is young. If something is white then it is round. All nice, red things are rough. Young, white things are round. All kind things are red.",Fiona is not red.,False,OWA,train,5,AttNoneg-OWA-D5-1083,5,7,8,2,3,inv-proof,[(((((triple3) -> rule3)) -> rule8) OR ((((((triple4) -> rule5)) -> rule3)) -> rule8))]
438207,38148,5,1817,"Dave is rough. Erin is not rough. Fiona is green. Fiona is quiet. Harry is furry. Harry is quiet. Harry is white. If Fiona is white then Fiona is green. All quiet things are cold. Cold, furry things are white. Cold things are furry. Red, cold things are not rough. If Dave is rough and Dave is quiet then Dave is red. If something is quiet and not white then it is red. All white things are red.",Harry is rough.,False,OWA,train,5,AttNeg-OWA-D5-987,5,7,8,2,5,inv-proof,[(((((triple7) -> rule8) ((triple6) -> rule2)) -> rule5) OR ((((((((triple6) -> rule2) triple5) -> rule3)) -> rule8) ((triple6) -> rule2)) -> rule5) OR ((((((((triple6) -> rule2) ((((triple6) -> rule2)) -> rule4)) -> rule3)) -> rule8) ((triple6) -> rule2)) -> rule5))]
296359,6430,5,579,The lion eats the mouse. The lion needs the mouse. The mouse eats the lion. The mouse is green. The mouse is red. The mouse is young. The mouse needs the lion. If someone likes the mouse then they need the mouse. If someone is red then they like the mouse. If the lion is green and the lion eats the mouse then the mouse is not nice. If the lion needs the mouse then the lion eats the mouse. If someone is nice and they need the mouse then the mouse needs the lion. If someone needs the mouse and the mouse is not nice then they do not like the lion. If someone is red and they eat the mouse then they like the lion. If someone likes the lion then the lion is nice.,The mouse does not need the mouse.,False,OWA,dev,2,RelNeg-OWA-D2-17,2,7,8,2,3,inv-proof,[(((((triple5) -> rule2)) -> rule1))]
